exp_id,timestamp,dataset,attack,layer,epsilon,acc_drop,f1_drop,auc_drop,n_fooled,n_total,fool_rate,l2_mean,linf_mean,elapsed_s
1,2026-05-03T11:17:17,cicids2017,FGSM ε=0.01,ingestion,0.01,-0.0362,-0.0494,0.0,14,28407,0.0005,0.088,0.01,29.27
2,2026-05-03T11:17:17,cicids2017,FGSM ε=0.01,triage,0.01,0.0003,0.0003,0.0,9,28407,0.0003,0.088,0.01,29.27
3,2026-05-03T11:17:17,cicids2017,FGSM ε=0.01,detection,0.01,0.0006,0.0006,0.0,16,28407,0.0006,0.0881,0.01,29.27
4,2026-05-03T11:17:17,cicids2017,FGSM ε=0.01,siem,0.01,-0.0345,-0.0474,0.0,23,28407,0.0008,0.0881,0.01,29.27
5,2026-05-03T11:17:17,cicids2017,FGSM ε=0.01,soar,0.01,-0.0054,-0.0055,0.0,31,28407,0.0011,0.088,0.01,29.27
6,2026-05-03T11:17:46,cicids2017,FGSM ε=0.05,ingestion,0.05,0.0342,0.0249,0.0025,1874,28407,0.066,0.4402,0.05,29.43
7,2026-05-03T11:17:46,cicids2017,FGSM ε=0.05,triage,0.05,0.049,0.0519,0.0016,1394,28407,0.0491,0.4399,0.0499,29.43
8,2026-05-03T11:17:46,cicids2017,FGSM ε=0.05,detection,0.05,0.0327,0.033,0.0006,929,28407,0.0327,0.4404,0.05,29.43
9,2026-05-03T11:17:46,cicids2017,FGSM ε=0.05,siem,0.05,0.0355,0.0264,0.0025,1898,28407,0.0668,0.4403,0.05,29.43
10,2026-05-03T11:17:46,cicids2017,FGSM ε=0.05,soar,0.05,0.0557,0.0689,0.001,1768,28407,0.0622,0.44,0.05,29.43
11,2026-05-03T11:18:15,cicids2017,FGSM ε=0.10,ingestion,0.1,0.0589,0.0588,0.0027,2509,28407,0.0883,0.8804,0.0999,29.22
12,2026-05-03T11:18:15,cicids2017,FGSM ε=0.10,triage,0.1,0.0752,0.0846,0.003,2140,28407,0.0753,0.8797,0.0999,29.22
13,2026-05-03T11:18:15,cicids2017,FGSM ε=0.10,detection,0.1,0.149,0.1524,0.0048,4231,28407,0.1489,0.8809,0.1,29.22
14,2026-05-03T11:18:15,cicids2017,FGSM ε=0.10,siem,0.1,0.0676,0.0691,0.0029,2732,28407,0.0962,0.8806,0.1,29.22
15,2026-05-03T11:18:15,cicids2017,FGSM ε=0.10,soar,0.1,0.0692,0.0893,0.0021,2155,28407,0.0759,0.8801,0.0999,29.22
16,2026-05-03T11:18:45,cicids2017,FGSM ε=0.20,ingestion,0.2,0.1391,0.1455,0.0068,4426,28407,0.1558,1.7607,0.1999,29.46
17,2026-05-03T11:18:45,cicids2017,FGSM ε=0.20,triage,0.2,0.121,0.1412,0.0103,3440,28407,0.1211,1.7595,0.1997,29.46
18,2026-05-03T11:18:45,cicids2017,FGSM ε=0.20,detection,0.2,0.2578,0.2619,0.0177,7324,28407,0.2578,1.7618,0.2,29.46
19,2026-05-03T11:18:45,cicids2017,FGSM ε=0.20,siem,0.2,0.1408,0.1484,0.0068,4439,28407,0.1563,1.7612,0.1999,29.46
20,2026-05-03T11:18:45,cicids2017,FGSM ε=0.20,soar,0.2,0.0968,0.1207,0.0097,2949,28407,0.1038,1.7602,0.1998,29.46
21,2026-05-03T11:19:15,cicids2017,FGSM ε=0.30,ingestion,0.3,0.1719,0.181,0.0119,5272,28407,0.1856,2.6411,0.2998,30.84
22,2026-05-03T11:19:15,cicids2017,FGSM ε=0.30,triage,0.3,0.1713,0.1906,0.0301,4866,28407,0.1713,2.6392,0.2996,30.84
23,2026-05-03T11:19:15,cicids2017,FGSM ε=0.30,detection,0.3,0.2777,0.2763,0.0263,7889,28407,0.2777,2.6426,0.3,30.84
24,2026-05-03T11:19:15,cicids2017,FGSM ε=0.30,siem,0.3,0.1807,0.1906,0.0128,5506,28407,0.1938,2.6418,0.2999,30.84
25,2026-05-03T11:19:15,cicids2017,FGSM ε=0.30,soar,0.3,0.1388,0.163,0.0294,4148,28407,0.146,2.6402,0.2997,30.84
26,2026-05-03T11:20:19,cicids2017,PGD  ε=0.01,ingestion,0.01,-0.0359,-0.049,0.0,11,28407,0.0004,0.0884,0.01,63.7
27,2026-05-03T11:20:19,cicids2017,PGD  ε=0.01,triage,0.01,0.0002,0.0002,0.0,8,28407,0.0003,0.0883,0.01,63.7
28,2026-05-03T11:20:19,cicids2017,PGD  ε=0.01,detection,0.01,0.0006,0.0006,0.0,16,28407,0.0006,0.0884,0.01,63.7
29,2026-05-03T11:20:19,cicids2017,PGD  ε=0.01,siem,0.01,-0.0348,-0.0477,0.0,21,28407,0.0007,0.0884,0.01,63.7
30,2026-05-03T11:20:19,cicids2017,PGD  ε=0.01,soar,0.01,-0.0056,-0.0058,0.0,27,28407,0.001,0.0883,0.01,63.7
31,2026-05-03T11:21:21,cicids2017,PGD  ε=0.05,ingestion,0.05,0.037,0.0284,0.0024,1873,28407,0.0659,0.44,0.05,61.48
32,2026-05-03T11:21:21,cicids2017,PGD  ε=0.05,triage,0.05,0.0507,0.0538,0.0016,1442,28407,0.0508,0.4396,0.0499,61.48
33,2026-05-03T11:21:21,cicids2017,PGD  ε=0.05,detection,0.05,0.0348,0.0351,0.0007,987,28407,0.0347,0.4402,0.05,61.48
34,2026-05-03T11:21:21,cicids2017,PGD  ε=0.05,siem,0.05,0.0352,0.0262,0.0025,1842,28407,0.0648,0.4401,0.05,61.48
35,2026-05-03T11:21:21,cicids2017,PGD  ε=0.05,soar,0.05,0.0563,0.0694,0.001,1772,28407,0.0624,0.4398,0.05,61.48
36,2026-05-03T11:22:22,cicids2017,PGD  ε=0.10,ingestion,0.1,0.0565,0.0551,0.0026,2299,28407,0.0809,0.8769,0.0999,61.71
37,2026-05-03T11:22:22,cicids2017,PGD  ε=0.10,triage,0.1,0.0778,0.0874,0.0032,2213,28407,0.0779,0.8763,0.0999,61.71
38,2026-05-03T11:22:22,cicids2017,PGD  ε=0.10,detection,0.1,0.1653,0.1706,0.0058,4695,28407,0.1653,0.8774,0.1,61.71
39,2026-05-03T11:22:22,cicids2017,PGD  ε=0.10,siem,0.1,0.0648,0.0668,0.0028,2562,28407,0.0902,0.8771,0.1,61.71
40,2026-05-03T11:22:22,cicids2017,PGD  ε=0.10,soar,0.1,0.0713,0.0916,0.002,2191,28407,0.0771,0.8766,0.0999,61.71
41,2026-05-03T11:23:25,cicids2017,PGD  ε=0.20,ingestion,0.2,0.134,0.1395,0.0066,4192,28407,0.1476,1.743,0.1999,62.63
42,2026-05-03T11:23:25,cicids2017,PGD  ε=0.20,triage,0.2,0.1193,0.1377,0.0101,3392,28407,0.1194,1.7418,0.1997,62.63
43,2026-05-03T11:23:25,cicids2017,PGD  ε=0.20,detection,0.2,0.2989,0.297,0.0195,8491,28407,0.2989,1.744,0.2,62.63
44,2026-05-03T11:23:25,cicids2017,PGD  ε=0.20,siem,0.2,0.131,0.1365,0.0064,4116,28407,0.1449,1.7435,0.1999,62.63
45,2026-05-03T11:23:25,cicids2017,PGD  ε=0.20,soar,0.2,0.0953,0.118,0.0095,2881,28407,0.1014,1.7425,0.1998,62.63
46,2026-05-03T11:24:31,cicids2017,PGD  ε=0.30,ingestion,0.3,0.1716,0.1805,0.0123,5185,28407,0.1825,2.6098,0.2998,65.51
47,2026-05-03T11:24:31,cicids2017,PGD  ε=0.30,triage,0.3,0.1718,0.1895,0.0307,4882,28407,0.1719,2.6079,0.2996,65.51
48,2026-05-03T11:24:31,cicids2017,PGD  ε=0.30,detection,0.3,0.3484,0.3491,0.0373,9897,28407,0.3484,2.6113,0.3,65.51
49,2026-05-03T11:24:31,cicids2017,PGD  ε=0.30,siem,0.3,0.1735,0.1826,0.0128,5267,28407,0.1854,2.6105,0.2999,65.51
50,2026-05-03T11:24:31,cicids2017,PGD  ε=0.30,soar,0.3,0.1387,0.1618,0.0298,4126,28407,0.1452,2.6089,0.2997,65.51
51,2026-05-03T11:25:06,cicids2017,MI-FGSM ε=0.10,ingestion,0.1,0.0582,0.0573,0.0027,2445,28407,0.0861,0.8629,0.0999,35.65
52,2026-05-03T11:25:06,cicids2017,MI-FGSM ε=0.10,triage,0.1,0.0755,0.0846,0.003,2147,28407,0.0756,0.8623,0.0999,35.65
53,2026-05-03T11:25:06,cicids2017,MI-FGSM ε=0.10,detection,0.1,0.1591,0.1635,0.0053,4518,28407,0.159,0.8634,0.1,35.65
54,2026-05-03T11:25:06,cicids2017,MI-FGSM ε=0.10,siem,0.1,0.0674,0.0691,0.0029,2694,28407,0.0948,0.8632,0.1,35.65
55,2026-05-03T11:25:06,cicids2017,MI-FGSM ε=0.10,soar,0.1,0.0692,0.0888,0.002,2154,28407,0.0758,0.8627,0.0999,35.65
56,2026-05-03T11:25:43,cicids2017,MI-FGSM ε=0.20,ingestion,0.2,0.1371,0.1427,0.0066,4306,28407,0.1516,1.7129,0.1999,36.6
57,2026-05-03T11:25:43,cicids2017,MI-FGSM ε=0.20,triage,0.2,0.1217,0.1417,0.01,3459,28407,0.1218,1.7117,0.1997,36.6
58,2026-05-03T11:25:43,cicids2017,MI-FGSM ε=0.20,detection,0.2,0.2776,0.2793,0.0197,7884,28407,0.2775,1.7139,0.2,36.6
59,2026-05-03T11:25:43,cicids2017,MI-FGSM ε=0.20,siem,0.2,0.1387,0.1462,0.0066,4348,28407,0.1531,1.7134,0.1999,36.6
60,2026-05-03T11:25:43,cicids2017,MI-FGSM ε=0.20,soar,0.2,0.0964,0.1196,0.0093,2931,28407,0.1032,1.7124,0.1998,36.6
61,2026-05-03T11:26:20,cicids2017,MI-FGSM ε=0.30,ingestion,0.3,0.1669,0.175,0.0111,5077,28407,0.1787,2.5538,0.2998,37.35
62,2026-05-03T11:26:20,cicids2017,MI-FGSM ε=0.30,triage,0.3,0.1674,0.1865,0.029,4755,28407,0.1674,2.5519,0.2996,37.35
63,2026-05-03T11:26:20,cicids2017,MI-FGSM ε=0.30,detection,0.3,0.3062,0.3011,0.03,8698,28407,0.3062,2.5553,0.3,37.35
64,2026-05-03T11:26:20,cicids2017,MI-FGSM ε=0.30,siem,0.3,0.1775,0.188,0.0121,5384,28407,0.1895,2.5545,0.2999,37.35
65,2026-05-03T11:26:20,cicids2017,MI-FGSM ε=0.30,soar,0.3,0.1374,0.1608,0.0288,4092,28407,0.144,2.5529,0.2997,37.35
66,2026-05-03T11:27:41,cicids2017,C&W L2  c=0.5,ingestion,,0.2424,0.262,0.04,7126,28407,0.2509,4.4005,0.4997,80.55
67,2026-05-03T11:27:41,cicids2017,C&W L2  c=0.5,triage,,0.2378,0.2572,0.0802,6757,28407,0.2379,4.3973,0.4994,80.55
68,2026-05-03T11:27:41,cicids2017,C&W L2  c=0.5,detection,,0.3145,0.3081,0.0405,8933,28407,0.3145,4.403,0.5,80.55
69,2026-05-03T11:27:41,cicids2017,C&W L2  c=0.5,siem,,0.2458,0.2651,0.0441,7183,28407,0.2529,4.4016,0.4998,80.55
70,2026-05-03T11:27:41,cicids2017,C&W L2  c=0.5,soar,,0.2325,0.2706,0.083,6899,28407,0.2429,4.399,0.4995,80.55
71,2026-05-03T11:29:02,cicids2017,C&W L2  c=1.0,ingestion,,0.2424,0.262,0.04,7126,28407,0.2509,4.4037,0.4997,80.86
72,2026-05-03T11:29:02,cicids2017,C&W L2  c=1.0,triage,,0.2378,0.2572,0.0802,6757,28407,0.2379,4.4005,0.4994,80.86
73,2026-05-03T11:29:02,cicids2017,C&W L2  c=1.0,detection,,0.3145,0.3081,0.0405,8933,28407,0.3145,4.4062,0.5,80.86
74,2026-05-03T11:29:02,cicids2017,C&W L2  c=1.0,siem,,0.2458,0.2651,0.0441,7183,28407,0.2529,4.4048,0.4998,80.86
75,2026-05-03T11:29:02,cicids2017,C&W L2  c=1.0,soar,,0.2325,0.2706,0.083,6899,28407,0.2429,4.4022,0.4995,80.86
76,2026-05-03T11:30:18,cicids2017,C&W L2  c=2.0,ingestion,,0.2424,0.262,0.04,7126,28407,0.2509,4.4037,0.4997,75.89
77,2026-05-03T11:30:18,cicids2017,C&W L2  c=2.0,triage,,0.2378,0.2572,0.0802,6757,28407,0.2379,4.4005,0.4994,75.89
78,2026-05-03T11:30:18,cicids2017,C&W L2  c=2.0,detection,,0.3145,0.3081,0.0405,8933,28407,0.3145,4.4062,0.5,75.89
79,2026-05-03T11:30:18,cicids2017,C&W L2  c=2.0,siem,,0.2458,0.2651,0.0441,7183,28407,0.2529,4.4048,0.4998,75.89
80,2026-05-03T11:30:18,cicids2017,C&W L2  c=2.0,soar,,0.2325,0.2706,0.083,6899,28407,0.2429,4.4022,0.4995,75.89
81,2026-05-03T11:31:07,cicids2017,DeepFool os=0.02,ingestion,,0.0303,0.0248,0.0011,1039,28407,0.0366,0.2436,0.1344,49.72
82,2026-05-03T11:31:07,cicids2017,DeepFool os=0.02,triage,,0.0289,0.0294,0.0008,821,28407,0.0289,0.2435,0.1343,49.72
83,2026-05-03T11:31:07,cicids2017,DeepFool os=0.02,detection,,0.2378,0.2471,0.0174,6754,28407,0.2378,0.2438,0.1345,49.72
84,2026-05-03T11:31:07,cicids2017,DeepFool os=0.02,siem,,0.0343,0.0278,0.0012,1201,28407,0.0423,0.2437,0.1345,49.72
85,2026-05-03T11:31:07,cicids2017,DeepFool os=0.02,soar,,0.0339,0.0347,0.0008,1051,28407,0.037,0.2436,0.1344,49.72
86,2026-05-03T11:31:57,cicids2017,DeepFool os=0.05,ingestion,,0.0305,0.0249,0.0011,1050,28407,0.037,0.2505,0.1383,49.7
87,2026-05-03T11:31:57,cicids2017,DeepFool os=0.05,triage,,0.0293,0.0299,0.0009,834,28407,0.0294,0.2503,0.1382,49.7
88,2026-05-03T11:31:57,cicids2017,DeepFool os=0.05,detection,,0.239,0.248,0.0181,6790,28407,0.239,0.2506,0.1384,49.7
89,2026-05-03T11:31:57,cicids2017,DeepFool os=0.05,siem,,0.0347,0.0281,0.0013,1209,28407,0.0426,0.2505,0.1383,49.7
90,2026-05-03T11:31:57,cicids2017,DeepFool os=0.05,soar,,0.0348,0.0356,0.0009,1077,28407,0.0379,0.2504,0.1383,49.7
91,2026-05-03T11:32:25,cicids2017,FEAT-zero,ingestion,,0.3704,0.3674,0.1301,10673,28407,0.3757,4.0201,2.0938,27.74
92,2026-05-03T11:32:25,cicids2017,FEAT-zero,triage,,0.3586,0.3728,0.1723,10189,28407,0.3587,4.0172,2.0923,27.74
93,2026-05-03T11:32:25,cicids2017,FEAT-zero,detection,,0.3061,0.3663,0.0578,8695,28407,0.3061,4.0224,2.095,27.74
94,2026-05-03T11:32:25,cicids2017,FEAT-zero,siem,,0.3758,0.3753,0.133,10874,28407,0.3828,4.0211,2.0943,27.74
95,2026-05-03T11:32:25,cicids2017,FEAT-zero,soar,,0.3651,0.3876,0.2079,10663,28407,0.3754,4.0187,2.0931,27.74
96,2026-05-03T11:32:52,cicids2017,FEAT-scale,ingestion,,0.3569,0.356,0.1196,10295,28407,0.3624,3.8191,1.9891,27.24
97,2026-05-03T11:32:52,cicids2017,FEAT-scale,triage,,0.3438,0.3604,0.1628,9768,28407,0.3439,3.8163,1.9876,27.24
98,2026-05-03T11:32:52,cicids2017,FEAT-scale,detection,,0.2723,0.3244,0.0386,7735,28407,0.2723,3.8213,1.9902,27.24
99,2026-05-03T11:32:52,cicids2017,FEAT-scale,siem,,0.3613,0.363,0.1222,10468,28407,0.3685,3.8201,1.9896,27.24
100,2026-05-03T11:32:52,cicids2017,FEAT-scale,soar,,0.3526,0.3771,0.1954,10307,28407,0.3628,3.8178,1.9884,27.24
101,2026-05-03T11:33:19,cicids2017,FEAT-noise,ingestion,,0.2005,0.1911,0.0351,6002,28407,0.2113,4.4112,2.1636,27.51
102,2026-05-03T11:33:19,cicids2017,FEAT-noise,triage,,0.246,0.2505,0.0587,6989,28407,0.246,4.4081,2.162,27.51
103,2026-05-03T11:33:19,cicids2017,FEAT-noise,detection,,0.1757,0.1773,0.0195,4998,28407,0.1759,4.4138,2.1648,27.51
104,2026-05-03T11:33:19,cicids2017,FEAT-noise,siem,,0.207,0.199,0.0371,6225,28407,0.2191,4.4124,2.1641,27.51
105,2026-05-03T11:33:19,cicids2017,FEAT-noise,soar,,0.2381,0.2613,0.0678,6992,28407,0.2461,4.4098,2.1629,27.51
106,2026-05-03T11:33:47,cicids2017,FEAT-swap,ingestion,,0.2313,0.2399,0.043,6856,28407,0.2413,6.1853,2.4888,27.41
107,2026-05-03T11:33:47,cicids2017,FEAT-swap,triage,,0.271,0.2834,0.0777,7701,28407,0.2711,6.1809,2.487,27.41
108,2026-05-03T11:33:47,cicids2017,FEAT-swap,detection,,0.3513,0.385,0.0545,9982,28407,0.3514,6.1889,2.4903,27.41
109,2026-05-03T11:33:47,cicids2017,FEAT-swap,siem,,0.2375,0.2472,0.0451,7065,28407,0.2487,6.1869,2.4895,27.41
110,2026-05-03T11:33:47,cicids2017,FEAT-swap,soar,,0.2793,0.3078,0.0997,8243,28407,0.2902,6.1833,2.488,27.41
111,2026-05-03T11:34:14,cicids2017,FEAT-invert,ingestion,,0.6405,0.5898,0.2875,18248,28407,0.6424,8.0401,4.1875,27.23
112,2026-05-03T11:34:14,cicids2017,FEAT-invert,triage,,0.4752,0.4665,0.314,13500,28407,0.4752,8.0343,4.1845,27.23
113,2026-05-03T11:34:14,cicids2017,FEAT-invert,detection,,0.879,0.8632,0.507,24969,28407,0.879,8.0448,4.1899,27.23
114,2026-05-03T11:34:14,cicids2017,FEAT-invert,siem,,0.6582,0.6037,0.2923,18761,28407,0.6604,8.0422,4.1886,27.23
115,2026-05-03T11:34:14,cicids2017,FEAT-invert,soar,,0.5446,0.5565,0.3779,15671,28407,0.5517,8.0375,4.1862,27.23
116,2026-05-03T11:34:42,cicids2017,POISON-mimicry,ingestion,,0.8283,0.7601,0.3625,23558,28407,0.8293,15.1294,3.3738,27.65
117,2026-05-03T11:34:42,cicids2017,POISON-mimicry,triage,,0.7033,0.7133,0.3064,19979,28407,0.7033,15.1185,3.3714,27.65
118,2026-05-03T11:34:42,cicids2017,POISON-mimicry,detection,,0.9582,0.9958,0.4624,27220,28407,0.9582,15.1381,3.3757,27.65
119,2026-05-03T11:34:42,cicids2017,POISON-mimicry,siem,,0.8319,0.7644,0.3135,23673,28407,0.8334,15.1334,3.3747,27.65
120,2026-05-03T11:34:42,cicids2017,POISON-mimicry,soar,,0.6186,0.5558,0.2209,17855,28407,0.6285,15.1245,3.3727,27.65
121,2026-05-03T11:35:09,cicids2017,POISON-boundary,ingestion,,0.1085,0.1033,0.009,3271,28407,0.1151,2.5373,0.2882,27.68
122,2026-05-03T11:35:09,cicids2017,POISON-boundary,triage,,0.1542,0.158,0.0295,4381,28407,0.1542,2.5355,0.288,27.68
123,2026-05-03T11:35:09,cicids2017,POISON-boundary,detection,,0.1622,0.1751,0.0124,4610,28407,0.1623,2.5388,0.2884,27.68
124,2026-05-03T11:35:09,cicids2017,POISON-boundary,siem,,0.1097,0.1043,0.0087,3294,28407,0.116,2.538,0.2883,27.68
125,2026-05-03T11:35:09,cicids2017,POISON-boundary,soar,,0.0936,0.0887,0.0146,2964,28407,0.1043,2.5365,0.2881,27.68
126,2026-05-03T11:35:38,cicids2017,POISON-grad-mim,ingestion,,0.8017,0.7294,0.3055,22836,28407,0.8039,14.3754,3.293,28.13
127,2026-05-03T11:35:38,cicids2017,POISON-grad-mim,triage,,0.6878,0.6851,0.2832,19539,28407,0.6878,14.365,3.2906,28.13
128,2026-05-03T11:35:38,cicids2017,POISON-grad-mim,detection,,0.9456,0.9926,0.2604,26861,28407,0.9456,14.3837,3.2949,28.13
129,2026-05-03T11:35:38,cicids2017,POISON-grad-mim,siem,,0.8045,0.7335,0.2811,22915,28407,0.8067,14.3791,3.2938,28.13
130,2026-05-03T11:35:38,cicids2017,POISON-grad-mim,soar,,0.6063,0.542,0.2163,17491,28407,0.6157,14.3707,3.2919,28.13
131,2026-05-03T11:48:42,cicids2017,TRANSFER ε=0.20,ingestion,0.2,0.0011,-0.0101,0.0006,1028,28407,0.0362,1.1373,0.1999,784.42
132,2026-05-03T11:48:42,cicids2017,TRANSFER ε=0.20,triage,0.2,0.0117,0.0117,0.0001,334,28407,0.0118,1.1365,0.1997,784.42
133,2026-05-03T11:48:42,cicids2017,TRANSFER ε=0.20,detection,0.2,0.0432,0.0465,0.001,1231,28407,0.0433,1.1379,0.2,784.42
134,2026-05-03T11:48:42,cicids2017,TRANSFER ε=0.20,siem,0.2,-0.0083,-0.0215,0.0005,780,28407,0.0275,1.1376,0.1999,784.42
135,2026-05-03T11:48:42,cicids2017,TRANSFER ε=0.20,soar,0.2,0.0199,0.0202,0.0002,569,28407,0.02,1.1369,0.1998,784.42
136,2026-05-03T11:49:28,cicids2017,CONSTRAINED ε=0.15,ingestion,0.15,0.1786,0.2106,0.0077,5223,28407,0.1839,1.5525,0.8619,46.31
137,2026-05-03T11:49:28,cicids2017,CONSTRAINED ε=0.15,triage,0.15,0.1236,0.1396,0.0123,3512,28407,0.1236,1.5513,0.8612,46.31
138,2026-05-03T11:49:28,cicids2017,CONSTRAINED ε=0.15,detection,0.15,0.3153,0.3279,0.0279,8956,28407,0.3153,1.5533,0.8624,46.31
139,2026-05-03T11:49:28,cicids2017,CONSTRAINED ε=0.15,siem,0.15,0.1795,0.2126,0.0078,5295,28407,0.1864,1.5529,0.8621,46.31
140,2026-05-03T11:49:28,cicids2017,CONSTRAINED ε=0.15,soar,0.15,0.1748,0.2124,0.0338,5331,28407,0.1877,1.5519,0.8616,46.31
141,2026-05-03T11:50:15,cicids2017,CONSTRAINED ε=0.30,ingestion,0.3,0.1897,0.2213,0.01,5530,28407,0.1947,1.6736,0.8619,46.57
142,2026-05-03T11:50:15,cicids2017,CONSTRAINED ε=0.30,triage,0.3,0.1478,0.1624,0.018,4198,28407,0.1478,1.6724,0.8613,46.57
143,2026-05-03T11:50:15,cicids2017,CONSTRAINED ε=0.30,detection,0.3,0.3192,0.3315,0.0294,9068,28407,0.3192,1.6746,0.8624,46.57
144,2026-05-03T11:50:15,cicids2017,CONSTRAINED ε=0.30,siem,0.3,0.1983,0.2292,0.0104,5810,28407,0.2045,1.6741,0.8621,46.57
145,2026-05-03T11:50:15,cicids2017,CONSTRAINED ε=0.30,soar,0.3,0.1955,0.2316,0.0436,5920,28407,0.2084,1.6731,0.8616,46.57
146,2026-05-03T11:52:49,cicids2017,AUTOATTACK ε=0.20,ingestion,0.2,0.1883,0.1963,0.0157,5579,28407,0.1964,2.6261,0.3008,153.71
147,2026-05-03T11:52:49,cicids2017,AUTOATTACK ε=0.20,triage,0.2,0.1664,0.1853,0.0253,4729,28407,0.1665,2.6242,0.3006,153.71
148,2026-05-03T11:52:49,cicids2017,AUTOATTACK ε=0.20,detection,0.2,0.3245,0.3181,0.0463,9218,28407,0.3245,2.6276,0.301,153.71
149,2026-05-03T11:52:49,cicids2017,AUTOATTACK ε=0.20,siem,0.2,0.1854,0.191,0.0159,5488,28407,0.1932,2.6268,0.3009,153.71
150,2026-05-03T11:52:49,cicids2017,AUTOATTACK ε=0.20,soar,0.2,0.1482,0.1756,0.0241,4384,28407,0.1543,2.6253,0.3007,153.71
