dataset,attack,layer,acc_clean,acc_adv,acc_drop,evasion,f1_before,f1_after,tpr_before,tpr_after,fpr_before,fpr_after,auc_before,auc_after,ap_before,ap_after,f1_drop,auc_drop,precision_drop,recall_drop,drop_severity,l2_mean,l2_max,linf_mean,linf_max,pct_unchanged,n_truly_fooled,n_pred_changed,pct_pred_changed,pct_truly_fooled
cicids2017,FGSM ε=0.01,ingestion,0.9557,0.9919,-0.0362,0.0,0.9424,0.9918,0.8983,0.9816,0.0053,0.001,1.0,1.0,1.0,0.9999,-0.0494,0.0,-0.0195,-0.0362,LOW,0.08803700655698776,0.08939167857170105,0.009994298219680786,0.009996399283409119,0.0,14,1058,0.0372,0.0005
cicids2017,FGSM ε=0.01,triage,0.9999,0.9996,0.0003,0.0006,0.9999,0.9996,0.9998,0.9992,0.0,0.0001,1.0,1.0,1.0,1.0,0.0003,0.0,0.0003,0.0003,LOW,0.08797336369752884,0.08932729810476303,0.009987111203372478,0.009989187121391296,0.0,9,10,0.0004,0.0003
cicids2017,FGSM ε=0.01,detection,0.9997,0.9991,0.0006,0.0016,0.9997,0.9991,0.9993,0.9977,0.0,0.0001,1.0,1.0,1.0,0.9999,0.0006,0.0,0.0006,0.0006,LOW,0.08808746188879013,0.08944293856620789,0.010000030510127544,0.01000213623046875,0.0,16,16,0.0006,0.0006
cicids2017,FGSM ε=0.01,siem,0.9558,0.9903,-0.0345,0.0,0.9427,0.9901,0.8987,0.978,0.0053,0.0012,1.0,1.0,1.0,0.9984,-0.0474,0.0,-0.018,-0.0345,LOW,0.08805978298187256,0.08941493183374405,0.009996908716857433,0.009998992085456848,0.0,23,1034,0.0364,0.0008
cicids2017,FGSM ε=0.01,soar,0.9844,0.9898,-0.0054,0.0,0.9842,0.9897,0.9554,0.9725,0.0034,0.0022,1.0,1.0,1.0,0.9999,-0.0055,0.0,-0.0039,-0.0054,LOW,0.08800787478685379,0.08936214447021484,0.009991026483476162,0.009993106126785278,0.0,31,213,0.0075,0.0011
cicids2017,FGSM ε=0.05,ingestion,0.9557,0.9215,0.0342,0.0389,0.9424,0.9175,0.8983,0.8594,0.0053,0.0101,1.0,0.9975,1.0,0.9576,0.0249,0.0025,0.0341,0.0342,HIGH,0.44018498063087463,0.44695743918418884,0.049971356987953186,0.04997437074780464,0.0,1874,2914,0.1026,0.066
cicids2017,FGSM ε=0.05,triage,0.9999,0.9509,0.049,0.1032,0.9999,0.948,0.9998,0.8966,0.0,0.0154,1.0,0.9984,1.0,0.9792,0.0519,0.0016,0.0429,0.049,HIGH,0.4398670792579651,0.4466349482536316,0.04993531480431557,0.04993829131126404,0.0,1394,1396,0.0491,0.0491
cicids2017,FGSM ε=0.05,detection,0.9997,0.967,0.0327,0.0934,0.9997,0.9667,0.9993,0.9059,0.0,0.0034,1.0,0.9994,1.0,0.938,0.033,0.0006,0.0311,0.0327,HIGH,0.44043755531311035,0.4472137987613678,0.050000034272670746,0.0500030517578125,0.0,929,929,0.0327,0.0327
cicids2017,FGSM ε=0.05,siem,0.9558,0.9203,0.0355,0.044,0.9427,0.9163,0.8987,0.8547,0.0053,0.0105,1.0,0.9975,1.0,0.9572,0.0264,0.0025,0.0349,0.0355,HIGH,0.44029900431632996,0.44707348942756653,0.04998435452580452,0.04998779296875,0.0,1898,2904,0.1022,0.0668
cicids2017,FGSM ε=0.05,soar,0.9844,0.9287,0.0557,0.136,0.9842,0.9153,0.9554,0.8194,0.0034,0.0177,1.0,0.999,1.0,0.9951,0.0689,0.001,0.0448,0.0557,HIGH,0.44003987312316895,0.4468102753162384,0.04995490610599518,0.04995790123939514,0.0,1768,1952,0.0687,0.0622
cicids2017,FGSM ε=0.10,ingestion,0.9557,0.8968,0.0589,0.105,0.9424,0.8836,0.8983,0.7933,0.0053,0.014,1.0,0.9973,1.0,0.9381,0.0588,0.0027,0.0524,0.0589,HIGH,0.8803701996803284,0.8939148783683777,0.09994268417358398,0.099945068359375,0.0,2509,3525,0.1241,0.0883
cicids2017,FGSM ε=0.10,triage,0.9999,0.9247,0.0752,0.158,0.9999,0.9153,0.9998,0.8418,0.0,0.0239,1.0,0.997,1.0,0.9617,0.0846,0.003,0.0676,0.0752,HIGH,0.8797342777252197,0.8932690620422363,0.09987051039934158,0.09987092018127441,0.0,2140,2142,0.0754,0.0753
cicids2017,FGSM ε=0.10,detection,0.9997,0.8507,0.149,0.4261,0.9997,0.8473,0.9993,0.5732,0.0,0.0155,1.0,0.9952,1.0,0.6678,0.1524,0.0048,0.1379,0.149,CRITICAL,0.8808751702308655,0.8944274187088013,0.10000002384185791,0.10000038146972656,0.0,4231,4231,0.1489,0.1489
cicids2017,FGSM ε=0.10,siem,0.9558,0.8882,0.0676,0.1153,0.9427,0.8736,0.8987,0.7834,0.0053,0.0163,1.0,0.9971,1.0,0.9396,0.0691,0.0029,0.0597,0.0676,HIGH,0.8805983066558838,0.8941463828086853,0.09996861964464188,0.09996896982192993,0.0,2732,3697,0.1301,0.0962
cicids2017,FGSM ε=0.10,soar,0.9844,0.9152,0.0692,0.1677,0.9842,0.8949,0.9554,0.7877,0.0034,0.0211,1.0,0.9979,1.0,0.9868,0.0893,0.0021,0.0548,0.0692,HIGH,0.8800796866416931,0.8936203122138977,0.09990978240966797,0.09991073608398438,0.0,2155,2342,0.0824,0.0759
cicids2017,FGSM ε=0.20,ingestion,0.9557,0.8166,0.1391,0.292,0.9424,0.7969,0.8983,0.6063,0.0053,0.0257,1.0,0.9932,1.0,0.7892,0.1455,0.0068,0.1294,0.1391,CRITICAL,1.7607403993606567,1.7878292798995972,0.19988536834716797,0.19988632202148438,0.0,4426,5110,0.1799,0.1558
cicids2017,FGSM ε=0.20,triage,0.9999,0.8789,0.121,0.2448,0.9999,0.8587,0.9998,0.755,0.0,0.0387,1.0,0.9897,1.0,0.8818,0.1412,0.0103,0.1235,0.121,CRITICAL,1.759468674659729,1.7865381240844727,0.19974097609519958,0.19974170625209808,0.0,3440,3441,0.1211,0.1211
cicids2017,FGSM ε=0.20,detection,0.9997,0.7419,0.2578,0.6392,0.9997,0.7378,0.9993,0.3601,0.0,0.0271,1.0,0.9823,1.0,0.4396,0.2619,0.0177,0.2542,0.2578,CRITICAL,1.7617502212524414,1.788854718208313,0.20000004768371582,0.20000076293945312,0.0,7324,7329,0.258,0.2578
cicids2017,FGSM ε=0.20,siem,0.9558,0.815,0.1408,0.285,0.9427,0.7943,0.8987,0.6137,0.0053,0.0266,1.0,0.9932,1.0,0.8036,0.1484,0.0068,0.1262,0.1408,CRITICAL,1.7611966133117676,1.7882928848266602,0.1999371349811554,0.1999378800392151,0.0,4439,5089,0.1791,0.1563
cicids2017,FGSM ε=0.20,soar,0.9844,0.8876,0.0968,0.2366,0.9842,0.8635,0.9554,0.7188,0.0034,0.0281,1.0,0.9903,1.0,0.8926,0.1207,0.0097,0.0802,0.0968,CRITICAL,1.7601592540740967,1.787239670753479,0.19981949031352997,0.1998201608657837,0.0,2949,3146,0.1107,0.1038
cicids2017,FGSM ε=0.30,ingestion,0.9557,0.7838,0.1719,0.3564,0.9424,0.7614,0.8983,0.5419,0.0053,0.0311,1.0,0.9881,1.0,0.6692,0.181,0.0119,0.178,0.1719,CRITICAL,2.641108512878418,2.681741952896118,0.29982805252075195,0.29983097314834595,0.0,5272,5878,0.2069,0.1856
cicids2017,FGSM ε=0.30,triage,0.9999,0.8286,0.1713,0.3254,0.9999,0.8093,0.9998,0.6744,0.0,0.0544,1.0,0.9699,1.0,0.7484,0.1906,0.0301,0.1847,0.1713,CRITICAL,2.639202117919922,2.6798059940338135,0.29961150884628296,0.29961445927619934,0.0,4866,4866,0.1713,0.1713
cicids2017,FGSM ε=0.30,detection,0.9997,0.722,0.2777,0.6788,0.9997,0.7234,0.9993,0.3205,0.0,0.0292,1.0,0.9737,1.0,0.3836,0.2763,0.0263,0.2678,0.2777,CRITICAL,2.642625570297241,2.683281898498535,0.3000001311302185,0.3000030517578125,0.0,7889,7895,0.2779,0.2777
cicids2017,FGSM ε=0.30,siem,0.9558,0.7751,0.1807,0.3728,0.9427,0.7521,0.8987,0.5259,0.0053,0.0319,1.0,0.9872,1.0,0.6613,0.1906,0.0128,0.1879,0.1807,CRITICAL,2.641794443130493,2.6824378967285156,0.29990577697753906,0.29990869760513306,0.0,5506,6106,0.2149,0.1938
cicids2017,FGSM ε=0.30,soar,0.9844,0.8456,0.1388,0.3359,0.9842,0.8212,0.9554,0.6195,0.0034,0.0389,1.0,0.9706,1.0,0.7063,0.163,0.0294,0.1309,0.1388,CRITICAL,2.6402394771575928,2.680859088897705,0.29972922801971436,0.29973217844963074,0.0,4148,4352,0.1532,0.146
cicids2017,PGD  ε=0.01,ingestion,0.9557,0.9916,-0.0359,0.0,0.9424,0.9914,0.8983,0.9807,0.0053,0.001,1.0,1.0,1.0,0.9999,-0.049,0.0,-0.0192,-0.0359,LOW,0.0883655995130539,0.08939167857170105,0.009994298219680786,0.009996399283409119,0.0,11,1041,0.0366,0.0004
cicids2017,PGD  ε=0.01,triage,0.9999,0.9997,0.0002,0.0005,0.9999,0.9997,0.9998,0.9993,0.0,0.0001,1.0,1.0,1.0,1.0,0.0002,0.0,0.0002,0.0002,LOW,0.08830172568559647,0.08932729810476303,0.009987111203372478,0.009989187121391296,0.0,8,9,0.0003,0.0003
cicids2017,PGD  ε=0.01,detection,0.9997,0.9991,0.0006,0.0016,0.9997,0.9991,0.9993,0.9977,0.0,0.0001,1.0,1.0,1.0,0.9999,0.0006,0.0,0.0006,0.0006,LOW,0.08841625601053238,0.08944293856620789,0.010000030510127544,0.01000213623046875,0.0,16,16,0.0006,0.0006
cicids2017,PGD  ε=0.01,siem,0.9558,0.9906,-0.0348,0.0,0.9427,0.9904,0.8987,0.9787,0.0053,0.0011,1.0,1.0,1.0,0.9985,-0.0477,0.0,-0.0182,-0.0348,LOW,0.08838846534490585,0.08941492438316345,0.009996907785534859,0.009998992085456848,0.0,21,1038,0.0365,0.0007
cicids2017,PGD  ε=0.01,soar,0.9844,0.99,-0.0056,0.0,0.9842,0.99,0.9554,0.9729,0.0034,0.0022,1.0,1.0,1.0,0.9999,-0.0058,0.0,-0.0041,-0.0056,LOW,0.08833636343479156,0.08936214447021484,0.009991025552153587,0.009993106126785278,0.0,27,212,0.0075,0.001
cicids2017,PGD  ε=0.05,ingestion,0.9557,0.9187,0.037,0.0447,0.9424,0.914,0.8983,0.8536,0.0053,0.0103,1.0,0.9976,1.0,0.9583,0.0284,0.0024,0.0354,0.037,HIGH,0.4399508535861969,0.44695743918418884,0.049971356987953186,0.04997437074780464,0.0,1873,2860,0.1007,0.0659
cicids2017,PGD  ε=0.05,triage,0.9999,0.9492,0.0507,0.1067,0.9999,0.9461,0.9998,0.8931,0.0,0.0158,1.0,0.9984,1.0,0.9788,0.0538,0.0016,0.0445,0.0507,HIGH,0.4396330714225769,0.446634978055954,0.04993531480431557,0.04993829131126404,0.0,1442,1444,0.0508,0.0508
cicids2017,PGD  ε=0.05,detection,0.9997,0.9649,0.0348,0.1014,0.9997,0.9646,0.9993,0.8979,0.0,0.0036,1.0,0.9993,1.0,0.9268,0.0351,0.0007,0.033,0.0348,HIGH,0.4402032494544983,0.4472137987613678,0.050000034272670746,0.0500030517578125,0.0,987,987,0.0347,0.0347
cicids2017,PGD  ε=0.05,siem,0.9558,0.9206,0.0352,0.0424,0.9427,0.9165,0.8987,0.8563,0.0053,0.0103,1.0,0.9975,1.0,0.9583,0.0262,0.0025,0.0339,0.0352,HIGH,0.44006475806236267,0.44707348942756653,0.04998435452580452,0.04998779296875,0.0,1842,2826,0.0995,0.0648
cicids2017,PGD  ε=0.05,soar,0.9844,0.9281,0.0563,0.1371,0.9842,0.9148,0.9554,0.8183,0.0034,0.0178,1.0,0.999,1.0,0.9951,0.0694,0.001,0.0453,0.0563,HIGH,0.4398057758808136,0.446810245513916,0.04995490610599518,0.04995790123939514,0.0,1772,1943,0.0684,0.0624
cicids2017,PGD  ε=0.10,ingestion,0.9557,0.8992,0.0565,0.1016,0.9424,0.8873,0.8983,0.7967,0.0053,0.0131,1.0,0.9974,1.0,0.941,0.0551,0.0026,0.0492,0.0565,HIGH,0.8768913745880127,0.8939147591590881,0.09994268417358398,0.099945068359375,0.0,2299,3221,0.1134,0.0809
cicids2017,PGD  ε=0.10,triage,0.9999,0.9221,0.0778,0.1629,0.9999,0.9125,0.9998,0.8369,0.0,0.0241,1.0,0.9968,1.0,0.9585,0.0874,0.0032,0.0716,0.0778,HIGH,0.8762580156326294,0.8932690620422363,0.09987051039934158,0.09987092018127441,0.0,2213,2215,0.078,0.0779
cicids2017,PGD  ε=0.10,detection,0.9997,0.8344,0.1653,0.4621,0.9997,0.8291,0.9993,0.5372,0.0,0.0172,1.0,0.9942,1.0,0.6216,0.1706,0.0058,0.1549,0.1653,CRITICAL,0.8773943781852722,0.8944274187088013,0.10000002384185791,0.10000038146972656,0.0,4695,4695,0.1653,0.1653
cicids2017,PGD  ε=0.10,siem,0.9558,0.891,0.0648,0.1089,0.9427,0.8759,0.8987,0.7898,0.0053,0.015,1.0,0.9972,1.0,0.9428,0.0668,0.0028,0.055,0.0648,HIGH,0.8771185278892517,0.8941463232040405,0.09996861964464188,0.09996896982192993,0.0,2562,3488,0.1228,0.0902
cicids2017,PGD  ε=0.10,soar,0.9844,0.9131,0.0713,0.1715,0.9842,0.8926,0.9554,0.7839,0.0034,0.0215,1.0,0.998,1.0,0.9864,0.0916,0.002,0.0562,0.0713,HIGH,0.8766019940376282,0.8936203122138977,0.09990978240966797,0.09991073608398438,0.0,2191,2355,0.0829,0.0771
cicids2017,PGD  ε=0.20,ingestion,0.9557,0.8217,0.134,0.289,0.9424,0.8029,0.8983,0.6093,0.0053,0.0235,1.0,0.9934,1.0,0.7941,0.1395,0.0066,0.1206,0.134,CRITICAL,1.7430366277694702,1.7878292798995972,0.19988536834716797,0.19988632202148438,0.0,4192,4764,0.1677,0.1476
cicids2017,PGD  ε=0.20,triage,0.9999,0.8806,0.1193,0.2407,0.9999,0.8622,0.9998,0.7591,0.0,0.0366,1.0,0.9899,1.0,0.8842,0.1377,0.0101,0.1186,0.1193,CRITICAL,1.741777777671814,1.786538004875183,0.19974097609519958,0.19974170625209808,0.0,3392,3394,0.1195,0.1194
cicids2017,PGD  ε=0.20,detection,0.9997,0.7008,0.2989,0.7311,0.9997,0.7027,0.9993,0.2682,0.0,0.0319,1.0,0.9805,1.0,0.423,0.297,0.0195,0.2911,0.2989,CRITICAL,1.7440364360809326,1.788854718208313,0.20000004768371582,0.20000076293945312,0.0,8491,8491,0.2989,0.2989
cicids2017,PGD  ε=0.20,siem,0.9558,0.8248,0.131,0.2724,0.9427,0.8062,0.8987,0.6263,0.0053,0.0233,1.0,0.9936,1.0,0.8141,0.1365,0.0064,0.1147,0.131,CRITICAL,1.7434883117675781,1.7882927656173706,0.1999371349811554,0.1999378800392151,0.0,4116,4698,0.1654,0.1449
cicids2017,PGD  ε=0.20,soar,0.9844,0.8891,0.0953,0.2326,0.9842,0.8662,0.9554,0.7228,0.0034,0.0274,1.0,0.9905,1.0,0.8903,0.118,0.0095,0.0778,0.0953,CRITICAL,1.7424612045288086,1.787239670753479,0.19981949031352997,0.1998201608657837,0.0,2881,3055,0.1075,0.1014
cicids2017,PGD  ε=0.30,ingestion,0.9557,0.7841,0.1716,0.3566,0.9424,0.7619,0.8983,0.5417,0.0053,0.0294,1.0,0.9877,1.0,0.6598,0.1805,0.0123,0.1724,0.1716,CRITICAL,2.609785318374634,2.681741952896118,0.29982805252075195,0.29983097314834595,0.0,5185,5660,0.1992,0.1825
cicids2017,PGD  ε=0.30,triage,0.9999,0.8281,0.1718,0.3225,0.9999,0.8104,0.9998,0.6773,0.0,0.0526,1.0,0.9693,1.0,0.7455,0.1895,0.0307,0.1805,0.1718,CRITICAL,2.607901096343994,2.6798059940338135,0.29961150884628296,0.29961445927619934,0.0,4882,4883,0.1719,0.1719
cicids2017,PGD  ε=0.30,detection,0.9997,0.6513,0.3484,0.7934,0.9997,0.6506,0.9993,0.2059,0.0,0.0395,1.0,0.9627,1.0,0.3417,0.3491,0.0373,0.3455,0.3484,CRITICAL,2.611283540725708,2.6832821369171143,0.3000001311302185,0.3000030517578125,0.0,9897,9901,0.3485,0.3484
cicids2017,PGD  ε=0.30,siem,0.9558,0.7823,0.1735,0.3583,0.9427,0.7601,0.8987,0.5404,0.0053,0.0294,1.0,0.9872,1.0,0.6539,0.1826,0.0128,0.1768,0.1735,CRITICAL,2.6104626655578613,2.6824381351470947,0.29990577697753906,0.29990869760513306,0.0,5267,5757,0.2027,0.1854
cicids2017,PGD  ε=0.30,soar,0.9844,0.8457,0.1387,0.3339,0.9842,0.8224,0.9554,0.6215,0.0034,0.0382,1.0,0.9702,1.0,0.7048,0.1618,0.0298,0.1261,0.1387,CRITICAL,2.6089260578155518,2.680859327316284,0.29972922801971436,0.29973217844963074,0.0,4126,4310,0.1517,0.1452
cicids2017,MI-FGSM ε=0.10,ingestion,0.9557,0.8975,0.0582,0.1044,0.9424,0.8851,0.8983,0.7939,0.0053,0.0137,1.0,0.9973,1.0,0.9384,0.0573,0.0027,0.0515,0.0582,HIGH,0.8629450798034668,0.8939141035079956,0.09994268417358398,0.099945068359375,0.0,2445,3432,0.1208,0.0861
cicids2017,MI-FGSM ε=0.10,triage,0.9999,0.9244,0.0755,0.1582,0.9999,0.9153,0.9998,0.8416,0.0,0.0238,1.0,0.997,1.0,0.9616,0.0846,0.003,0.0686,0.0755,HIGH,0.8623219132423401,0.8932684659957886,0.09987048804759979,0.09987092018127441,0.0,2147,2149,0.0757,0.0756
cicids2017,MI-FGSM ε=0.10,detection,0.9997,0.8406,0.1591,0.4485,0.9997,0.8362,0.9993,0.5508,0.0,0.0166,1.0,0.9947,1.0,0.6522,0.1635,0.0053,0.1471,0.1591,CRITICAL,0.863440215587616,0.8944268226623535,0.10000002384185791,0.10000038146972656,0.0,4518,4518,0.159,0.159
cicids2017,MI-FGSM ε=0.10,siem,0.9558,0.8884,0.0674,0.1144,0.9427,0.8736,0.8987,0.7843,0.0053,0.0158,1.0,0.9971,1.0,0.939,0.0691,0.0029,0.0589,0.0674,HIGH,0.8631683588027954,0.8941454887390137,0.0999685674905777,0.09996896982192993,0.0,2694,3647,0.1284,0.0948
cicids2017,MI-FGSM ε=0.10,soar,0.9844,0.9152,0.0692,0.1669,0.9842,0.8954,0.9554,0.7885,0.0034,0.0211,1.0,0.998,1.0,0.9872,0.0888,0.002,0.0548,0.0692,HIGH,0.8626604080200195,0.8936194181442261,0.09990974515676498,0.09991073608398438,0.0,2154,2342,0.0824,0.0758
cicids2017,MI-FGSM ε=0.20,ingestion,0.9557,0.8186,0.1371,0.2913,0.9424,0.7997,0.8983,0.607,0.0053,0.0249,1.0,0.9934,1.0,0.7941,0.1427,0.0066,0.1257,0.1371,CRITICAL,1.7129199504852295,1.7878286838531494,0.19988536834716797,0.19988632202148438,0.0,4306,4955,0.1744,0.1516
cicids2017,MI-FGSM ε=0.20,triage,0.9999,0.8782,0.1217,0.2459,0.9999,0.8582,0.9998,0.7539,0.0,0.0385,1.0,0.99,1.0,0.8849,0.1417,0.01,0.1244,0.1217,CRITICAL,1.7116833925247192,1.786537528038025,0.19974097609519958,0.19974170625209808,0.0,3459,3461,0.1218,0.1218
cicids2017,MI-FGSM ε=0.20,detection,0.9997,0.7221,0.2776,0.6824,0.9997,0.7204,0.9993,0.3169,0.0,0.0292,1.0,0.9803,1.0,0.4234,0.2793,0.0197,0.2762,0.2776,CRITICAL,1.7139030694961548,1.7888537645339966,0.20000004768371582,0.20000076293945312,0.0,7884,7888,0.2777,0.2775
cicids2017,MI-FGSM ε=0.20,siem,0.9558,0.8171,0.1387,0.2824,0.9427,0.7965,0.8987,0.6163,0.0053,0.0257,1.0,0.9934,1.0,0.8085,0.1462,0.0066,0.1228,0.1387,CRITICAL,1.713363766670227,1.788291573524475,0.1999371200799942,0.1999378651380539,0.0,4348,4983,0.1754,0.1531
cicids2017,MI-FGSM ε=0.20,soar,0.9844,0.888,0.0964,0.2354,0.9842,0.8646,0.9554,0.72,0.0034,0.0279,1.0,0.9907,1.0,0.8955,0.1196,0.0093,0.0795,0.0964,CRITICAL,1.7123552560806274,1.787238359451294,0.19981946051120758,0.1998201608657837,0.0,2931,3123,0.1099,0.1032
cicids2017,MI-FGSM ε=0.30,ingestion,0.9557,0.7888,0.1669,0.3493,0.9424,0.7674,0.8983,0.549,0.0053,0.0297,1.0,0.9889,1.0,0.6825,0.175,0.0111,0.1668,0.1669,CRITICAL,2.5537900924682617,2.68174147605896,0.2998279929161072,0.29982829093933105,0.0,5077,5652,0.199,0.1787
cicids2017,MI-FGSM ε=0.30,triage,0.9999,0.8325,0.1674,0.3196,0.9999,0.8134,0.9998,0.6802,0.0,0.0528,1.0,0.971,1.0,0.7562,0.1865,0.029,0.1799,0.1674,CRITICAL,2.5519464015960693,2.6798055171966553,0.2996114492416382,0.29961204528808594,0.0,4755,4755,0.1674,0.1674
cicids2017,MI-FGSM ε=0.30,detection,0.9997,0.6935,0.3062,0.7371,0.9997,0.6986,0.9993,0.2622,0.0,0.0327,1.0,0.97,1.0,0.3669,0.3011,0.03,0.2932,0.3062,CRITICAL,2.555255651473999,2.6832809448242188,0.29999998211860657,0.3000001907348633,0.0,8698,8703,0.3064,0.3062
cicids2017,MI-FGSM ε=0.30,siem,0.9558,0.7783,0.1775,0.3667,0.9427,0.7547,0.8987,0.532,0.0053,0.031,1.0,0.9879,1.0,0.6744,0.188,0.0121,0.1801,0.1775,CRITICAL,2.554452896118164,2.6824374198913574,0.2999057173728943,0.29990601539611816,0.0,5384,5981,0.2105,0.1895
cicids2017,MI-FGSM ε=0.30,soar,0.9844,0.847,0.1374,0.3321,0.9842,0.8234,0.9554,0.6233,0.0034,0.0383,1.0,0.9712,1.0,0.716,0.1608,0.0288,0.1254,0.1374,CRITICAL,2.5529491901397705,2.6808583736419678,0.2997291684150696,0.2997293472290039,0.0,4092,4281,0.1507,0.144
cicids2017,C&W L2  c=0.5,ingestion,0.9557,0.7133,0.2424,0.5137,0.9424,0.6804,0.8983,0.3846,0.0053,0.0443,1.0,0.96,1.0,0.4374,0.262,0.04,0.2932,0.2424,CRITICAL,4.400466442108154,4.469569206237793,0.49971330165863037,0.4997138977050781,0.0,7126,7689,0.2707,0.2509
cicids2017,C&W L2  c=0.5,triage,0.9999,0.7621,0.2378,0.4167,0.9999,0.7427,0.9998,0.5831,0.0,0.081,1.0,0.9198,1.0,0.6002,0.2572,0.0802,0.2668,0.2378,CRITICAL,4.397288799285889,4.466341972351074,0.49935245513916016,0.4993528425693512,0.0,6757,6757,0.2379,0.2379
cicids2017,C&W L2  c=0.5,detection,0.9997,0.6852,0.3145,0.7469,0.9997,0.6916,0.9993,0.2524,0.0,0.0343,1.0,0.9595,1.0,0.3352,0.3081,0.0405,0.2958,0.3145,CRITICAL,4.4029927253723145,4.472133636474609,0.5,0.5000004768371582,0.0,8933,8939,0.3147,0.3145
cicids2017,C&W L2  c=0.5,siem,0.9558,0.71,0.2458,0.5249,0.9427,0.6776,0.8987,0.3738,0.0053,0.0438,1.0,0.9559,1.0,0.4312,0.2651,0.0441,0.298,0.2458,CRITICAL,4.401607990264893,4.470728874206543,0.49984273314476013,0.4998435974121094,0.0,7183,7716,0.2716,0.2529
cicids2017,C&W L2  c=0.5,soar,0.9844,0.7519,0.2325,0.4727,0.9842,0.7136,0.9554,0.4827,0.0034,0.0789,1.0,0.917,1.0,0.5367,0.2706,0.083,0.2703,0.2325,CRITICAL,4.3990159034729,4.468094825744629,0.4995484948158264,0.49954986572265625,0.0,6899,7192,0.2532,0.2429
cicids2017,C&W L2  c=1.0,ingestion,0.9557,0.7133,0.2424,0.5137,0.9424,0.6804,0.8983,0.3846,0.0053,0.0443,1.0,0.96,1.0,0.4374,0.262,0.04,0.2932,0.2424,CRITICAL,4.403669357299805,4.469569206237793,0.49971330165863037,0.4997138977050781,0.0,7126,7689,0.2707,0.2509
cicids2017,C&W L2  c=1.0,triage,0.9999,0.7621,0.2378,0.4167,0.9999,0.7427,0.9998,0.5831,0.0,0.081,1.0,0.9198,1.0,0.6002,0.2572,0.0802,0.2668,0.2378,CRITICAL,4.400489330291748,4.466341972351074,0.49935245513916016,0.4993528425693512,0.0,6757,6757,0.2379,0.2379
cicids2017,C&W L2  c=1.0,detection,0.9997,0.6852,0.3145,0.7469,0.9997,0.6916,0.9993,0.2524,0.0,0.0343,1.0,0.9595,1.0,0.3352,0.3081,0.0405,0.2958,0.3145,CRITICAL,4.4061970710754395,4.472133636474609,0.5,0.5000004768371582,0.0,8933,8939,0.3147,0.3145
cicids2017,C&W L2  c=1.0,siem,0.9558,0.71,0.2458,0.5249,0.9427,0.6776,0.8987,0.3738,0.0053,0.0438,1.0,0.9559,1.0,0.4312,0.2651,0.0441,0.298,0.2458,CRITICAL,4.404811859130859,4.470728874206543,0.49984273314476013,0.4998435974121094,0.0,7183,7716,0.2716,0.2529
cicids2017,C&W L2  c=1.0,soar,0.9844,0.7519,0.2325,0.4727,0.9842,0.7136,0.9554,0.4827,0.0034,0.0789,1.0,0.917,1.0,0.5367,0.2706,0.083,0.2703,0.2325,CRITICAL,4.402217864990234,4.468094825744629,0.4995484948158264,0.49954986572265625,0.0,6899,7192,0.2532,0.2429
cicids2017,C&W L2  c=2.0,ingestion,0.9557,0.7133,0.2424,0.5137,0.9424,0.6804,0.8983,0.3846,0.0053,0.0443,1.0,0.96,1.0,0.4374,0.262,0.04,0.2932,0.2424,CRITICAL,4.403669357299805,4.469569206237793,0.49971330165863037,0.4997138977050781,0.0,7126,7689,0.2707,0.2509
cicids2017,C&W L2  c=2.0,triage,0.9999,0.7621,0.2378,0.4167,0.9999,0.7427,0.9998,0.5831,0.0,0.081,1.0,0.9198,1.0,0.6002,0.2572,0.0802,0.2668,0.2378,CRITICAL,4.400489330291748,4.466341972351074,0.49935245513916016,0.4993528425693512,0.0,6757,6757,0.2379,0.2379
cicids2017,C&W L2  c=2.0,detection,0.9997,0.6852,0.3145,0.7469,0.9997,0.6916,0.9993,0.2524,0.0,0.0343,1.0,0.9595,1.0,0.3352,0.3081,0.0405,0.2958,0.3145,CRITICAL,4.4061970710754395,4.472133636474609,0.5,0.5000004768371582,0.0,8933,8939,0.3147,0.3145
cicids2017,C&W L2  c=2.0,siem,0.9558,0.71,0.2458,0.5249,0.9427,0.6776,0.8987,0.3738,0.0053,0.0438,1.0,0.9559,1.0,0.4312,0.2651,0.0441,0.298,0.2458,CRITICAL,4.404811859130859,4.470728874206543,0.49984273314476013,0.4998435974121094,0.0,7183,7716,0.2716,0.2529
cicids2017,C&W L2  c=2.0,soar,0.9844,0.7519,0.2325,0.4727,0.9842,0.7136,0.9554,0.4827,0.0034,0.0789,1.0,0.917,1.0,0.5367,0.2706,0.083,0.2703,0.2325,CRITICAL,4.402217864990234,4.468094825744629,0.4995484948158264,0.49954986572265625,0.0,6899,7192,0.2532,0.2429
cicids2017,DeepFool os=0.02,ingestion,0.9557,0.9254,0.0303,0.0605,0.9424,0.9176,0.8983,0.8378,0.0053,0.0098,1.0,0.9989,1.0,0.9616,0.0248,0.0011,0.0442,0.0303,HIGH,0.2436344176530838,1.0187219381332397,0.1344381421804428,0.7228668928146362,0.6353,1039,1376,0.0484,0.0366
cicids2017,DeepFool os=0.02,triage,0.9999,0.971,0.0289,0.0554,0.9999,0.9705,0.9998,0.9444,0.0,0.0105,1.0,0.9992,1.0,0.9914,0.0294,0.0008,0.0291,0.0289,MEDIUM,0.24345846474170685,1.0179864168167114,0.1343410760164261,0.7223448753356934,0.6353,821,821,0.0289,0.0289
cicids2017,DeepFool os=0.02,detection,0.9997,0.7619,0.2378,0.6387,0.9997,0.7526,0.9993,0.3606,0.0,0.0248,1.0,0.9826,1.0,0.4788,0.2471,0.0174,0.2327,0.2378,CRITICAL,0.24377423524856567,1.0193066596984863,0.13451530039310455,0.723281741142273,0.6352,6754,6755,0.2378,0.2378
cicids2017,DeepFool os=0.02,siem,0.9558,0.9215,0.0343,0.0662,0.9427,0.9149,0.8987,0.8325,0.0053,0.0105,1.0,0.9988,1.0,0.9582,0.0278,0.0012,0.0468,0.0343,HIGH,0.24369756877422333,1.0189862251281738,0.1344730108976364,0.7230542898178101,0.6352,1201,1570,0.0553,0.0423
cicids2017,DeepFool os=0.02,soar,0.9844,0.9505,0.0339,0.0705,0.9842,0.9495,0.9554,0.8849,0.0034,0.015,1.0,0.9992,1.0,0.9856,0.0347,0.0008,0.0356,0.0339,HIGH,0.24355411529541016,1.0183863639831543,0.1343938261270523,0.7226285934448242,0.6353,1051,1138,0.0401,0.037
cicids2017,DeepFool os=0.05,ingestion,0.9557,0.9252,0.0305,0.0606,0.9424,0.9175,0.8983,0.8377,0.0053,0.0098,1.0,0.9989,1.0,0.9609,0.0249,0.0011,0.0444,0.0305,HIGH,0.2504710853099823,1.0487384796142578,0.13830071687698364,0.7381812930107117,0.6349,1050,1389,0.0489,0.037
cicids2017,DeepFool os=0.05,triage,0.9999,0.9706,0.0293,0.0562,0.9999,0.97,0.9998,0.9436,0.0,0.0107,1.0,0.9991,1.0,0.9911,0.0299,0.0009,0.0296,0.0293,MEDIUM,0.250290185213089,1.0479810237884521,0.13820084929466248,0.7376482486724854,0.6349,834,834,0.0294,0.0294
cicids2017,DeepFool os=0.05,detection,0.9997,0.7607,0.239,0.6416,0.9997,0.7517,0.9993,0.3577,0.0,0.025,1.0,0.9819,1.0,0.4747,0.248,0.0181,0.2337,0.239,CRITICAL,0.25061482191085815,1.0493403673171997,0.13838008046150208,0.7386049628257751,0.6349,6790,6791,0.2391,0.239
cicids2017,DeepFool os=0.05,siem,0.9558,0.9211,0.0347,0.0665,0.9427,0.9146,0.8987,0.8322,0.0053,0.0105,1.0,0.9987,1.0,0.9578,0.0281,0.0013,0.0471,0.0347,HIGH,0.2505359947681427,1.0490103960037231,0.13833656907081604,0.7383726835250854,0.6349,1209,1579,0.0556,0.0426
cicids2017,DeepFool os=0.05,soar,0.9844,0.9496,0.0348,0.0715,0.9842,0.9486,0.9554,0.8839,0.0034,0.0155,1.0,0.9991,1.0,0.985,0.0356,0.0009,0.0365,0.0348,HIGH,0.250388503074646,1.0483927726745605,0.13825513422489166,0.7379379272460938,0.6349,1077,1164,0.041,0.0379
cicids2017,FEAT-zero,ingestion,0.9557,0.5853,0.3704,0.5236,0.9424,0.575,0.8983,0.3747,0.0053,0.0638,1.0,0.8699,1.0,0.3949,0.3674,0.1301,0.3342,0.3704,CRITICAL,4.020068645477295,73.91828155517578,2.0937681198120117,73.49918365478516,0.0,10673,11865,0.4177,0.3757
cicids2017,FEAT-zero,triage,0.9999,0.6413,0.3586,0.5033,0.9999,0.6271,0.9998,0.4965,0.0,0.1326,1.0,0.8277,1.0,0.4798,0.3728,0.1723,0.377,0.3586,CRITICAL,4.017165660858154,73.86490631103516,2.0922560691833496,73.44611358642578,0.0,10189,10190,0.3587,0.3587
cicids2017,FEAT-zero,detection,0.9997,0.6936,0.3061,0.6979,0.9997,0.6334,0.9993,0.3014,0.0,0.0404,1.0,0.9422,1.0,0.3756,0.3663,0.0578,0.3114,0.3061,CRITICAL,4.02237606048584,73.96070098876953,2.0949695110321045,73.54136657714844,0.0,8695,8702,0.3063,0.3061
cicids2017,FEAT-zero,siem,0.9558,0.58,0.3758,0.538,0.9427,0.5674,0.8987,0.3607,0.0053,0.0639,1.0,0.867,1.0,0.3878,0.3753,0.133,0.3487,0.3758,CRITICAL,4.021111011505127,73.93744659423828,2.094310760498047,73.51824188232422,0.0,10874,12089,0.4256,0.3828
cicids2017,FEAT-zero,soar,0.9844,0.6193,0.3651,0.4855,0.9842,0.5966,0.9554,0.4699,0.0034,0.1263,1.0,0.7921,1.0,0.5418,0.3876,0.2079,0.4108,0.3651,CRITICAL,4.01874303817749,73.8939208984375,2.0930778980255127,73.47496032714844,0.0,10663,11010,0.3876,0.3754
cicids2017,FEAT-scale,ingestion,0.9557,0.5988,0.3569,0.5116,0.9424,0.5864,0.8983,0.3867,0.0053,0.062,1.0,0.8804,1.0,0.4168,0.356,0.1196,0.3211,0.3569,CRITICAL,3.8190653324127197,70.22235870361328,1.9890797138214111,69.82422637939453,0.0,10295,11481,0.4042,0.3624
cicids2017,FEAT-scale,triage,0.9999,0.6561,0.3438,0.4906,0.9999,0.6395,0.9998,0.5092,0.0,0.1278,1.0,0.8372,1.0,0.4924,0.3604,0.1628,0.3674,0.3438,CRITICAL,3.816307306289673,70.1716537475586,1.9876433610916138,69.7738037109375,0.0,9768,9769,0.3439,0.3439
cicids2017,FEAT-scale,detection,0.9997,0.7274,0.2723,0.6522,0.9997,0.6753,0.9993,0.3471,0.0,0.0342,1.0,0.9614,1.0,0.4568,0.3244,0.0386,0.2651,0.2723,CRITICAL,3.8212568759918213,70.26266479492188,1.9902211427688599,69.86429595947266,0.0,7735,7742,0.2725,0.2723
cicids2017,FEAT-scale,siem,0.9558,0.5945,0.3613,0.525,0.9427,0.5797,0.8987,0.3737,0.0053,0.0619,1.0,0.8778,1.0,0.4113,0.363,0.1222,0.3287,0.3613,CRITICAL,3.8200552463531494,70.24057006835938,1.9895952939987183,69.84232330322266,0.0,10468,11678,0.4111,0.3685
cicids2017,FEAT-scale,soar,0.9844,0.6318,0.3526,0.4772,0.9842,0.6071,0.9554,0.4782,0.0034,0.1234,1.0,0.8046,1.0,0.5578,0.3771,0.1954,0.4021,0.3526,CRITICAL,3.8178062438964844,70.19921112060547,1.9884238243103027,69.80120849609375,0.0,10307,10653,0.375,0.3628
cicids2017,FEAT-noise,ingestion,0.9557,0.7552,0.2005,0.348,0.9424,0.7513,0.8983,0.5503,0.0053,0.0354,1.0,0.9649,1.0,0.6125,0.1911,0.0351,0.2086,0.2005,CRITICAL,4.4112372398376465,7.494287967681885,2.163586378097534,4.711284160614014,0.0,6002,6757,0.2379,0.2113
cicids2017,FEAT-noise,triage,0.9999,0.7539,0.246,0.378,0.9999,0.7494,0.9998,0.6218,0.0,0.0875,1.0,0.9413,1.0,0.6855,0.2505,0.0587,0.2515,0.246,CRITICAL,4.40805196762085,7.488875389099121,2.1620240211486816,4.707881927490234,0.0,6989,6990,0.2461,0.246
cicids2017,FEAT-noise,detection,0.9997,0.824,0.1757,0.4394,0.9997,0.8224,0.9993,0.5599,0.0,0.0186,1.0,0.9805,1.0,0.5428,0.1773,0.0195,0.1709,0.1757,CRITICAL,4.413768768310547,7.4985880851745605,2.164828062057495,4.713987827301025,0.0,4998,5006,0.1762,0.1759
cicids2017,FEAT-noise,siem,0.9558,0.7488,0.207,0.3546,0.9427,0.7437,0.8987,0.5441,0.0053,0.0366,1.0,0.9629,1.0,0.6123,0.199,0.0371,0.2121,0.207,CRITICAL,4.412380695343018,7.496229648590088,2.16414737701416,4.712505340576172,0.0,6225,6945,0.2445,0.2191
cicids2017,FEAT-noise,soar,0.9844,0.7463,0.2381,0.3951,0.9842,0.7229,0.9554,0.5603,0.0034,0.0866,1.0,0.9322,1.0,0.7167,0.2613,0.0678,0.2388,0.2381,CRITICAL,4.409782886505127,7.491816520690918,2.1628732681274414,4.709731101989746,0.0,6992,7254,0.2554,0.2461
cicids2017,FEAT-swap,ingestion,0.9557,0.7244,0.2313,0.3696,0.9424,0.7025,0.8983,0.5287,0.0053,0.0432,1.0,0.957,1.0,0.6474,0.2399,0.043,0.2202,0.2313,CRITICAL,6.185340404510498,104.69114685058594,2.4888248443603516,73.49918365478516,0.0,6856,7638,0.2689,0.2413
cicids2017,FEAT-swap,triage,0.9999,0.7289,0.271,0.4037,0.9999,0.7165,0.9998,0.5961,0.0,0.1004,1.0,0.9223,1.0,0.6509,0.2834,0.0777,0.2814,0.271,CRITICAL,6.180874347686768,104.61555480957031,2.487027883529663,73.44611358642578,0.0,7701,7702,0.2711,0.2711
cicids2017,FEAT-swap,detection,0.9997,0.6484,0.3513,0.6781,0.9997,0.6147,0.9993,0.3212,0.0,0.0443,1.0,0.9455,1.0,0.3686,0.385,0.0545,0.3391,0.3513,CRITICAL,6.18889045715332,104.75122833251953,2.490253210067749,73.54136657714844,0.0,9982,9990,0.3517,0.3514
cicids2017,FEAT-swap,siem,0.9558,0.7183,0.2375,0.3693,0.9427,0.6955,0.8987,0.5294,0.0053,0.0441,1.0,0.9549,1.0,0.6461,0.2472,0.0451,0.2198,0.2375,CRITICAL,6.186944484710693,104.7182846069336,2.4894700050354004,73.51824188232422,0.0,7065,7839,0.276,0.2487
cicids2017,FEAT-swap,soar,0.9844,0.7051,0.2793,0.4017,0.9842,0.6764,0.9554,0.5537,0.0034,0.1019,1.0,0.9003,1.0,0.6956,0.3078,0.0997,0.3333,0.2793,CRITICAL,6.1833014488220215,104.65663146972656,2.488004684448242,73.47496032714844,0.0,8243,8551,0.301,0.2902
cicids2017,FEAT-invert,ingestion,0.9557,0.3152,0.6405,0.6998,0.9424,0.3526,0.8983,0.1985,0.0053,0.0989,1.0,0.7125,1.0,0.2129,0.5898,0.2875,0.5445,0.6405,CRITICAL,8.04013729095459,147.83656311035156,4.187536239624023,146.9983673095703,0.0,18248,19354,0.6813,0.6424
cicids2017,FEAT-invert,triage,0.9999,0.5247,0.4752,0.5748,0.9999,0.5334,0.9998,0.425,0.0,0.184,1.0,0.686,1.0,0.4329,0.4665,0.314,0.4383,0.4752,CRITICAL,8.034331321716309,147.7298126220703,4.184512615203857,146.89222717285156,0.0,13500,13501,0.4753,0.4752
cicids2017,FEAT-invert,detection,0.9997,0.1207,0.879,0.924,0.9997,0.1365,0.9993,0.0753,0.0,0.1064,1.0,0.493,1.0,0.0956,0.8632,0.507,0.7375,0.879,CRITICAL,8.044751167297363,147.92140197753906,4.189939498901367,147.08273315429688,0.0,24969,24977,0.8793,0.879
cicids2017,FEAT-invert,siem,0.9558,0.2976,0.6582,0.7184,0.9427,0.339,0.8987,0.1803,0.0053,0.1001,1.0,0.7077,1.0,0.2113,0.6037,0.2923,0.5488,0.6582,CRITICAL,8.042222023010254,147.87489318847656,4.188621997833252,147.03648376464844,0.0,18761,19869,0.6994,0.6604
cicids2017,FEAT-invert,soar,0.9844,0.4398,0.5446,0.6623,0.9842,0.4277,0.9554,0.2931,0.0034,0.1877,1.0,0.6221,1.0,0.3327,0.5565,0.3779,0.5693,0.5446,CRITICAL,8.03748607635498,147.787841796875,4.186156272888184,146.94992065429688,0.0,15671,16080,0.5661,0.5517
cicids2017,POISON-mimicry,ingestion,0.9557,0.1274,0.8283,0.7174,0.9424,0.1823,0.8983,0.1809,0.0053,0.1022,1.0,0.6375,1.0,0.2273,0.7601,0.3625,0.2816,0.8283,CRITICAL,15.129441261291504,75.70915985107422,3.3737926483154297,73.57096862792969,0.0388,23558,24775,0.8721,0.8293
cicids2017,POISON-mimicry,triage,0.9999,0.2966,0.7033,0.6737,0.9999,0.2866,0.9998,0.3261,0.0,0.21,1.0,0.6936,1.0,0.3635,0.7133,0.3064,0.3854,0.7033,CRITICAL,15.118515968322754,75.65449523925781,3.371356248855591,73.51783752441406,0.0388,19979,19981,0.7034,0.7033
cicids2017,POISON-mimicry,detection,0.9997,0.0415,0.9582,0.8813,0.9997,0.0039,0.9993,0.118,0.0,0.0993,1.0,0.5376,1.0,0.1954,0.9958,0.4624,0.9976,0.9582,CRITICAL,15.138123512268066,75.75260925292969,3.3757286071777344,73.61318969726562,0.0388,27220,27225,0.9584,0.9582
cicids2017,POISON-mimicry,siem,0.9558,0.1239,0.8319,0.7254,0.9427,0.1783,0.8987,0.1733,0.0053,0.1025,1.0,0.6865,1.0,0.2319,0.7644,0.3135,0.284,0.8319,CRITICAL,15.133362770080566,75.72879791259766,3.374667167663574,73.59004211425781,0.0388,23673,24866,0.8753,0.8334
cicids2017,POISON-mimicry,soar,0.9844,0.3658,0.6186,0.6057,0.9842,0.4284,0.9554,0.3497,0.0034,0.138,1.0,0.7791,1.0,0.4066,0.5558,0.2209,0.1759,0.6186,CRITICAL,15.1244535446167,75.68419647216797,3.372680425643921,73.54671478271484,0.0388,17855,18135,0.6384,0.6285
cicids2017,POISON-boundary,ingestion,0.9557,0.8472,0.1085,0.2517,0.9424,0.8391,0.8983,0.6466,0.0053,0.0185,1.0,0.991,1.0,0.7383,0.1033,0.009,0.1133,0.1085,CRITICAL,2.537307024002075,2.681741952896118,0.2882072925567627,0.29983097314834595,0.0388,3271,4251,0.1496,0.1151
cicids2017,POISON-boundary,triage,0.9999,0.8457,0.1542,0.2683,0.9999,0.8419,0.9998,0.7315,0.0,0.045,1.0,0.9705,1.0,0.7529,0.158,0.0295,0.1576,0.1542,CRITICAL,2.535475492477417,2.6798059940338135,0.2879992127418518,0.29961448907852173,0.0388,4381,4381,0.1542,0.1542
cicids2017,POISON-boundary,detection,0.9997,0.8375,0.1622,0.3438,0.9997,0.8246,0.9993,0.6555,0.0,0.0172,1.0,0.9876,1.0,0.6968,0.1751,0.0124,0.1787,0.1622,CRITICAL,2.538763999938965,2.683281898498535,0.2883727252483368,0.3000030517578125,0.0388,4610,4615,0.1625,0.1623
cicids2017,POISON-boundary,siem,0.9558,0.8461,0.1097,0.2528,0.9427,0.8384,0.8987,0.6459,0.0053,0.0185,1.0,0.9913,1.0,0.7343,0.1043,0.0087,0.1191,0.1097,CRITICAL,2.537965774536133,2.6824378967285156,0.28828203678131104,0.29990869760513306,0.0388,3294,4243,0.1494,0.116
cicids2017,POISON-boundary,soar,0.9844,0.8908,0.0936,0.1677,0.9842,0.8955,0.9554,0.7877,0.0034,0.0247,1.0,0.9854,1.0,0.8403,0.0887,0.0146,0.0812,0.0936,HIGH,2.5364720821380615,2.680858850479126,0.2881123125553131,0.29973214864730835,0.0388,2964,3269,0.1151,0.1043
cicids2017,POISON-grad-mim,ingestion,0.9557,0.154,0.8017,0.6781,0.9424,0.213,0.8983,0.2202,0.0053,0.0997,1.0,0.6945,1.0,0.2365,0.7294,0.3055,0.3,0.8017,CRITICAL,14.375417709350586,75.67655181884766,3.2929728031158447,73.72090148925781,0.0388,22836,24057,0.8469,0.8039
cicids2017,POISON-grad-mim,triage,0.9999,0.3121,0.6878,0.6594,0.9999,0.3148,0.9998,0.3404,0.0,0.205,1.0,0.7168,1.0,0.3752,0.6851,0.2832,0.37,0.6878,CRITICAL,14.36503791809082,75.62190246582031,3.2905948162078857,73.66766357421875,0.0388,19539,19541,0.6879,0.6878
cicids2017,POISON-grad-mim,detection,0.9997,0.0541,0.9456,0.7997,0.9997,0.0071,0.9993,0.1996,0.0,0.0971,1.0,0.7396,1.0,0.2922,0.9926,0.2604,0.9958,0.9456,CRITICAL,14.383668899536133,75.71998596191406,3.294862985610962,73.7632064819336,0.0388,26861,26866,0.9458,0.9456
cicids2017,POISON-grad-mim,siem,0.9558,0.1513,0.8045,0.6761,0.9427,0.2092,0.8987,0.2226,0.0053,0.0999,1.0,0.7189,1.0,0.2456,0.7335,0.2811,0.3058,0.8045,CRITICAL,14.379144668579102,75.6961669921875,3.2938263416290283,73.7400131225586,0.0388,22915,24112,0.8488,0.8067
cicids2017,POISON-grad-mim,soar,0.9844,0.3781,0.6063,0.5918,0.9842,0.4422,0.9554,0.3636,0.0034,0.1353,1.0,0.7837,1.0,0.4443,0.542,0.2163,0.1791,0.6063,CRITICAL,14.370678901672363,75.65160369873047,3.2918872833251953,73.69659423828125,0.0388,17491,17757,0.6251,0.6157
cicids2017,TRANSFER ε=0.20,ingestion,0.9557,0.9546,0.0011,0.0039,0.9424,0.9525,0.8983,0.8944,0.0053,0.0054,1.0,0.9994,1.0,0.9871,-0.0101,0.0006,0.0118,0.0011,LOW,1.1372828483581543,1.3240268230438232,0.19988536834716797,0.19988632202148438,0.0,1028,2024,0.0713,0.0362
cicids2017,TRANSFER ε=0.20,triage,0.9999,0.9882,0.0117,0.0245,0.9999,0.9882,0.9998,0.9753,0.0,0.0035,1.0,0.9999,1.0,0.9991,0.0117,0.0001,0.011,0.0117,MEDIUM,1.136461615562439,1.323070764541626,0.19974097609519958,0.19974136352539062,0.0,334,336,0.0118,0.0118
cicids2017,TRANSFER ε=0.20,detection,0.9997,0.9565,0.0432,0.1449,0.9997,0.9532,0.9993,0.8544,0.0,0.0045,1.0,0.999,1.0,0.9248,0.0465,0.001,0.0404,0.0432,HIGH,1.1379355192184448,1.32478666305542,0.20000004768371582,0.20000004768371582,0.0,1231,1239,0.0436,0.0433
cicids2017,TRANSFER ε=0.20,siem,0.9558,0.9641,-0.0083,0.0,0.9427,0.9642,0.8987,0.924,0.0053,0.0043,1.0,0.9995,1.0,0.9891,-0.0215,0.0005,0.0054,-0.0083,LOW,1.1375776529312134,1.32437002658844,0.1999371349811554,0.1999378204345703,0.0,780,1796,0.0632,0.0275
cicids2017,TRANSFER ε=0.20,soar,0.9844,0.9645,0.0199,0.0517,0.9842,0.964,0.9554,0.9037,0.0034,0.0084,1.0,0.9998,1.0,0.9939,0.0202,0.0002,0.0192,0.0199,MEDIUM,1.136907935142517,1.3235902786254883,0.19981946051120758,0.19981956481933594,0.0,569,572,0.0201,0.02
cicids2017,CONSTRAINED ε=0.15,ingestion,0.9557,0.7771,0.1786,0.3362,0.9424,0.7318,0.8983,0.5621,0.0053,0.0365,1.0,0.9923,1.0,0.7785,0.2106,0.0077,0.1822,0.1786,CRITICAL,1.552453637123108,2.7538387775421143,0.8618609309196472,1.735996961593628,0.0,5223,5965,0.21,0.1839
cicids2017,CONSTRAINED ε=0.15,triage,0.9999,0.8763,0.1236,0.2317,0.9999,0.8603,0.9998,0.7681,0.0,0.0512,1.0,0.9877,1.0,0.8845,0.1396,0.0123,0.1335,0.1236,CRITICAL,1.551332712173462,2.7518503665924072,0.8612385392189026,1.7347432374954224,0.0,3512,3512,0.1236,0.1236
cicids2017,CONSTRAINED ε=0.15,detection,0.9997,0.6844,0.3153,0.6803,0.9997,0.6718,0.9993,0.319,0.0,0.0329,1.0,0.9721,1.0,0.4415,0.3279,0.0279,0.2588,0.3153,CRITICAL,1.5533446073532104,2.7554192543029785,0.8623555302619934,1.7369931936264038,0.0,8956,8965,0.3156,0.3153
cicids2017,CONSTRAINED ε=0.15,siem,0.9558,0.7763,0.1795,0.3202,0.9427,0.7301,0.8987,0.5785,0.0053,0.0369,1.0,0.9922,1.0,0.8043,0.2126,0.0078,0.2522,0.1795,CRITICAL,1.5528559684753418,2.7545526027679443,0.8620843887329102,1.7364469766616821,0.0,5295,6066,0.2135,0.1864
cicids2017,CONSTRAINED ε=0.15,soar,0.9844,0.8096,0.1748,0.3101,0.9842,0.7718,0.9554,0.6453,0.0034,0.0746,1.0,0.9662,1.0,0.8474,0.2124,0.0338,0.2379,0.1748,CRITICAL,1.5519418716430664,2.7529311180114746,0.8615767955780029,1.7354247570037842,0.0,5331,5694,0.2004,0.1877
cicids2017,CONSTRAINED ε=0.30,ingestion,0.9557,0.766,0.1897,0.3551,0.9424,0.7211,0.8983,0.5432,0.0053,0.0378,1.0,0.99,1.0,0.7339,0.2213,0.01,0.1902,0.1897,CRITICAL,1.6736444234848022,2.7973783016204834,0.8619012236595154,1.735996961593628,0.0,5530,6266,0.2206,0.1947
cicids2017,CONSTRAINED ε=0.30,triage,0.9999,0.8521,0.1478,0.2602,0.9999,0.8375,0.9998,0.7396,0.0,0.0584,1.0,0.982,1.0,0.8608,0.1624,0.018,0.1554,0.1478,CRITICAL,1.6724358797073364,2.795358419418335,0.861278772354126,1.7347432374954224,0.0,4198,4198,0.1478,0.1478
cicids2017,CONSTRAINED ε=0.30,detection,0.9997,0.6805,0.3192,0.6877,0.9997,0.6682,0.9993,0.3116,0.0,0.0334,1.0,0.9706,1.0,0.4359,0.3315,0.0294,0.2613,0.3192,CRITICAL,1.674604892730713,2.798983573913574,0.8623958230018616,1.7369931936264038,0.0,9068,9077,0.3195,0.3192
cicids2017,CONSTRAINED ε=0.30,siem,0.9558,0.7575,0.1983,0.3581,0.9427,0.7135,0.8987,0.5406,0.0053,0.039,1.0,0.9896,1.0,0.7517,0.2292,0.0104,0.2707,0.1983,CRITICAL,1.6740782260894775,2.7981035709381104,0.8621245622634888,1.7364469766616821,0.0,5810,6578,0.2316,0.2045
cicids2017,CONSTRAINED ε=0.30,soar,0.9844,0.7889,0.1955,0.3478,0.9842,0.7526,0.9554,0.6076,0.0034,0.0789,1.0,0.9564,1.0,0.8084,0.2316,0.0436,0.2602,0.1955,CRITICAL,1.6730928421020508,2.7964560985565186,0.8616170287132263,1.7354247570037842,0.0,5920,6285,0.2212,0.2084
cicids2017,AUTOATTACK ε=0.20,ingestion,0.9557,0.7674,0.1883,0.3922,0.9424,0.7461,0.8983,0.5061,0.0053,0.0304,1.0,0.9843,1.0,0.6377,0.1963,0.0157,0.2072,0.1883,CRITICAL,2.626138925552368,4.469569206237793,0.3007940351963043,0.6667330861091614,0.0,5579,6101,0.2148,0.1964
cicids2017,AUTOATTACK ε=0.20,triage,0.9999,0.8335,0.1664,0.3055,0.9999,0.8146,0.9998,0.6943,0.0,0.0526,1.0,0.9747,1.0,0.7839,0.1853,0.0253,0.185,0.1664,CRITICAL,2.6242425441741943,4.466341972351074,0.300576776266098,0.6662516593933105,0.0,4729,4731,0.1665,0.1665
cicids2017,AUTOATTACK ε=0.20,detection,0.9997,0.6752,0.3245,0.7659,0.9997,0.6816,0.9993,0.2334,0.0,0.0354,1.0,0.9537,1.0,0.3227,0.3181,0.0463,0.3071,0.3245,CRITICAL,2.627645969390869,4.472133636474609,0.30096662044525146,0.6671157479286194,0.0,9218,9224,0.3247,0.3245
cicids2017,AUTOATTACK ε=0.20,siem,0.9558,0.7704,0.1854,0.3763,0.9427,0.7517,0.8987,0.5224,0.0053,0.0299,1.0,0.9841,1.0,0.639,0.191,0.0159,0.1996,0.1854,CRITICAL,2.6268200874328613,4.470728874206543,0.30087199807167053,0.66690593957901,0.0,5488,6009,0.2115,0.1932
cicids2017,AUTOATTACK ε=0.20,soar,0.9844,0.8362,0.1482,0.3147,0.9842,0.8086,0.9554,0.6407,0.0034,0.0487,1.0,0.9759,1.0,0.7837,0.1756,0.0241,0.1634,0.1482,CRITICAL,2.625272512435913,4.468094825744629,0.30069488286972046,0.6665133237838745,0.0,4384,4557,0.1604,0.1543
